,src_ip,src_ip_state
0,173.245.48.0,CA
1,103.21.244.0,WA
2,103.31.4.0,NY
3,108.162.192.0,CA
4,198.41.128.0,CA
5,104.16.0.0,CA
6,104.24.0.0,CA
7,172.64.0.0,CA
8,104.128.239.2,TX
9,45.58.56.3,GA
10,162.245.216.243,
11,216.189.157.2,VA
12,10.130.94.70,
13,10.112.171.199,
